Pharmacist,Community Pharmacist,Consultant Pharmacist,Ambulatory Care Pharmacist,Geriatric Pharmacist,Pediatric Pharmacist,Oncology Pharmacist,Psychiatric Pharmacist,Infectious Diseases Pharmacist,Critical Care Pharmacist,Emergency Medicine Pharmacist,Nutrition Support Pharmacist,Cardiology Pharmacist,Neurology Pharmacist,Neurology Pharmacist,Transplant Pharmacist,Hematology Oncology Pharmacist,Endocrinology Pharmacist,Nephrology Pharmacist,Pain Management Pharmacist,Rheumatology Pharmacist,Immunology Pharmacist,Gastroenterology Pharmacist,Respiratory Care Pharmacist,Allergy and Immunology Pharmacist,Diabetes Care Pharmacist,HIV AIDS Pharmacist,Anticoagulation Pharmacist,Clinical Pharmacologist
Hospital Pharmacist,Clinical Community Pharmacist,Clinical Pharmacy Consultant,Ambulatory Care Clinical Pharmacist,Geriatric Pharmacy Specialist,Pediatric Pharmacy Specialist,Oncology Pharmacy Specialist,Psychiatric Pharmacy Specialist,Infectious Diseases Pharmacy Specialist,Critical Care Pharmacy Specialist,Emergency Medicine Pharmacy Specialist,Nutrition Support Pharmacy Specialist,Cardiology Pharmacy Specialist,Neurology Pharmacy Specialist,Neurology Pharmacy Specialist,Transplant Pharmacy Specialist,Hematology Oncology Pharmacy Specialist,Endocrinology Pharmacy Specialist,Nephrology Pharmacy Specialist,Pain Management Pharmacy Specialist,Rheumatology Pharmacy Specialist,Immunology Pharmacy Specialist,Gastroenterology Pharmacy Specialist,Respiratory Care Pharmacy Specialist,Allergy and Immunology Pharmacy Specialist,Diabetes Care Pharmacy Specialist,HIV AIDS Pharmacy Specialist,Anticoagulation Pharmacy Specialist,Clinical Pharmacologist
Inpatient Pharmacy Specialist,Community Medication Management Specialist,Medication Management Consultant,Outpatient Pharmacy Specialist,Senior Care Pharmacist,Children Health Pharmacist,Cancer Care Pharmacist,Mental Health Pharmacist,Antimicrobial Stewardship Pharmacist,ICU Pharmacist,Emergency Department Pharmacist,Clinical Nutrition Pharmacist,Cardiovascular Pharmacist,Neuropharmacology Pharmacist,Neuropharmacology Pharmacist,Solid Organ Transplant Pharmacist,Oncology and Hematology Pharmacist,Diabetes Management Pharmacist,Renal Pharmacotherapy Pharmacist,Chronic Pain Pharmacist,Autoimmune Disease Pharmacist,Autoimmune Disease Pharmacist,Digestive Health Pharmacist,Pulmonary Pharmacist,Allergen Management Pharmacist,Diabetes Management Pharmacist,Antiretroviral Therapy Pharmacist,Thrombosis Management Pharmacist,Pharmaceutical Scientist
Clinical Hospital Pharmacist,Patient Centered Pharmacy Practitioner,Pharmaceutical Care Advisor,Chronic Disease Management Pharmacist,Elderly Medication Management Pharmacist,Pediatric Medication Management Pharmacist,Chemotherapy Management Pharmacist,Psychopharmacology Specialist,Infectious Diseases Medication Management Pharmacist,Intensive Care Pharmacist,Acute Care Pharmacist,Enteral and Parenteral Nutrition Pharmacist,Heart Health Pharmacist,Epilepsy Management Pharmacist,Epilepsy Management Pharmacist,Hematopoietic Stem Cell Transplant Pharmacist,Cancer Care Pharmacist,Hormone Therapy Pharmacist,Dialysis Pharmacist,Acute Pain Control Pharmacist,Rheumatoid Arthritis Pharmacist,Immunotherapy Pharmacist,Inflammatory Bowel Disease Pharmacist,Asthma Management Pharmacist,Immunotherapy Pharmacist,Medication Therapy Management Pharmacist for Diabetes,Infectious Diseases Pharmacist,Anticoagulant Therapy Pharmacist,Medicinal Chemist
Acute Care Pharmacist,Community Care Pharmacist,Therapeutic Consultation Pharmacist,Medication Therapy Management Pharmacist,Aging Population Pharmacist,Pediatric Drug Therapy Specialist,Oncology Medication Safety Specialist,Psychiatric Medication Management Pharmacist,Antimicrobial Therapy Specialist,Emergency Critical Care Pharmacist,Critical Intervention Pharmacist,Nutritional Therapy Pharmacist,Anticoagulation Management Pharmacist,Movement Disorders Pharmacist,Movement Disorders Pharmacist,Immunotherapy Pharmacist,Hematologic Malignancies Pharmacist,Thyroid Disorders Pharmacist,Chronic Kidney Disease Pharmacist,Opioid Stewardship Pharmacist,Systemic Lupus Erythematosus Pharmacist,Biologic Therapy Pharmacist,Hepatology Pharmacist,Chronic Obstructive Pulmonary Disease Pharmacist,Allergic Rhinitis Pharmacist,Insulin Therapy Pharmacist,HIV Medication Management Pharmacist,Warfarin Clinic Pharmacist,Drug Development Scientist
Clinical Medication Management Pharmacist,Chronic Disease Management Specialist,Clinical Pharmacotherapy Specialist,Comprehensive Care Pharmacist,Polypharmacy Management Pharmacist,Pediatric Clinical Pharmacist,Hematology Oncology Pharmacist,Behavioral Health Pharmacist,Infectious Diseases Clinical Pharmacist,Trauma Pharmacy Specialist,Rapid Response Pharmacist,Metabolic Support Pharmacist,Lipid Management Pharmacist,Multiple Sclerosis Pharmacist,Multiple Sclerosis Pharmacist,Transplant Medication Management Pharmacist,Chemotherapy Management Pharmacist,Pituitary and Adrenal Disorders Pharmacist,Acute Kidney Injury Pharmacist,Multimodal Analgesia Pharmacist,Psoriatic Arthritis Pharmacist,Immunodeficiency Pharmacist,Gastrointestinal Medication Management Pharmacist,Cystic Fibrosis Pharmacist,Asthma Management Pharmacist,Glucose Monitoring Pharmacist,Opportunistic Infections Pharmacist,Direct Oral Anticoagulant Pharmacist,Toxicologist
Hospital Pharmacy Clinical Coordinator,Immunization and Wellness Pharmacist,Geriatric Pharmacy Consultant,Primary Care Pharmacy Clinician,Geriatric Medication Safety Specialist,Neonatal and Pediatric Pharmacist,Oncology Clinical Pharmacist,Substance Use Disorder Pharmacist,HIV AIDS Pharmacy Specialist,Cardiac Intensive Care Pharmacist,Trauma Response Pharmacist,Home Infusion Nutrition Pharmacist,Hypertension Specialist Pharmacist,Headache and Migraine Pharmacist,Headache and Migraine Pharmacist,Immunosuppression Management Pharmacist,Antineoplastic Therapy Pharmacist,Osteoporosis Management Pharmacist,Renal Transplant Pharmacist,Palliative Care Pharmacist,Ankylosing Spondylitis Pharmacist,Allergy and Asthma Pharmacist,Irritable Bowel Syndrome Pharmacist,Inhalation Therapy Pharmacist,Anaphylaxis Prevention Pharmacist,Diabetes Education and Counseling Pharmacist,HIV Pre Exposure Prophylaxis Pharmacist,Heparin Management Pharmacist,Pharmacokinetics Specialist
Critical Care Pharmacist,Medication Therapy Management Expert,Long Term Care Pharmacy Specialist,Specialty Pharmacy Consultant,Long Term Care Pharmacy Consultant,Pediatric Medication Safety Officer,Palliative Care Pharmacist,Psychiatry Clinical Pharmacist,Transplant Infectious Diseases Pharmacist,Neurocritical Care Pharmacist,Code Blue Pharmacist,Total Parenteral Nutrition Pharmacist,Heart Failure Pharmacist,Stroke Management Pharmacist,Stroke Management Pharmacist,Post Transplant Care Pharmacist,Symptom Management Pharmacist,Reproductive Endocrinology Pharmacist,Electrolyte Management Pharmacist,Interventional Pain Management Pharmacist,Gout Management Pharmacist,Rheumatology and Immunology Pharmacist,Gastroesophageal Reflux Disease Pharmacist,Pulmonary Hypertension Pharmacist,Food Allergy Management Pharmacist,Hypoglycemia Prevention and Management Pharmacist,HIV Post Exposure Prophylaxis Pharmacist,Antithrombotic Therapy Pharmacist,Pharmacotherapist
Infectious Diseases Pharmacist,Geriatric Pharmacy Consultant,Skilled Nursing Facility Pharmacist,Disease State Management Pharmacist,Nursing Home Pharmacy Specialist,Pediatric Infectious Diseases Pharmacist,Supportive Care Pharmacist,Psychiatric Consultation Pharmacist,Travel Medicine Pharmacist,Surgical Intensive Care Pharmacist,Medication Emergency Specialist,Enteral Feeding Pharmacist,Arrhythmia Management Pharmacist,Parkinson Disease Pharmacist,Parkinson Disease Pharmacist,Transplant Infectious Diseases Pharmacist,Palliative Care Pharmacist,Lipid Disorders Pharmacist,Renal Nutrition Pharmacist,Neuropathic Pain Pharmacist,Osteoarthritis Pharmacist,Transplant Immunology Pharmacist,Liver Transplant Pharmacist,Respiratory Infections Pharmacist,Drug Allergy Pharmacist,Diabetic Ketoacidosis Management Pharmacist,Adherence Counseling Pharmacist,Bleeding Risk Assessment Pharmacist,Pharmacy Researcher
Oncology Pharmacy Specialist,Diabetes Care Specialist Pharmacist,Assisted Living Pharmacy Consultant,Wellness and Preventive Care Pharmacist,Assisted Living Pharmacy Consultant,Pediatric Oncology Pharmacy Specialist,Ambulatory Oncology Pharmacist,Dual Diagnosis Pharmacist,Infection Control Pharmacist,Pediatric Critical Care Pharmacist,Resuscitation Pharmacist,Nutrition Support Team Pharmacist,Cardiovascular Medication Therapy Pharmacist,Neuropathic Pain Pharmacist,Neuropathic Pain Pharmacist,Graft versus Host Disease Pharmacist,Hematopoietic Stem Cell Transplant Pharmacist,Pediatric Endocrinology Pharmacist,Mineral and Bone Disorders Pharmacist,Cancer Pain Pharmacist,Vasculitis Pharmacist,Infectious Diseases and Immunology Pharmacist,Pancreatic Disorders Pharmacist,Oxygen Therapy Pharmacist,Immunodeficiency Disorders Pharmacist,Type 1 Diabetes Pharmacist,Viral Load Monitoring Pharmacist,INR Monitoring Pharmacist,Biopharmaceutical Scientist
Emergency Medicine Pharmacist,Asthma COPD Management Pharmacist,Hospice and Palliative Care Pharmacist,Transitional Care Pharmacist,Geriatric Transitions of Care Pharmacist,Pediatric Critical Care Pharmacist,Inpatient Oncology Pharmacist,Psychiatric Transitions of Care Pharmacist,Tuberculosis Pharmacy Specialist,Burn Intensive Care Pharmacist,Stroke Response Pharmacist,Gastrointestinal Nutrition Pharmacist,Cardiovascular Risk Reduction Pharmacist,Alzheimer Disease and Dementia Pharmacist,Alzheimer Disease and Dementia Pharmacist,Renal Transplant Pharmacist,Leukemia and Lymphoma Pharmacist,Metabolic Syndrome Pharmacist,Hypertension Management Pharmacist,Non opioid Pain Management Pharmacist,Sjögren Syndrome Pharmacist,Immunization Specialist Pharmacist,GI Oncology Pharmacist,Pulmonary Rehabilitation Pharmacist,Allergy Testing and Evaluation Pharmacist,Type 2 Diabetes Pharmacist,HIV Medication Adverse Effects Management Pharmacist,Anticoagulation Dosing and Adjustment Pharmacist,Pharmaceutical Researcher
Pediatric Pharmacy Specialist,Smoking Cessation Counselor Pharmacist,Mental Health Pharmacy Consultant,Population Health Pharmacist,Dementia Care Pharmacist,Pediatric Ambulatory Care Pharmacist,Oncology Transitions of Care Pharmacist,Geriatric Psychiatry Pharmacist,Infectious Diseases Consultation Pharmacist,ECMO Pharmacist,Toxicology Pharmacist,Oncology Nutrition Pharmacist,Peripheral Vascular Disease Pharmacist,Neuromuscular Disorders Pharmacist,Neuromuscular Disorders Pharmacist,Liver Transplant Pharmacist,Solid Tumor Pharmacist,Polycystic Ovary Syndrome Pharmacist,Glomerular Diseases Pharmacist,Postoperative Pain Pharmacist,Dermatomyositis and Polymyositis Pharmacist,Inflammatory Bowel Disease Pharmacist,Hepatitis C Management Pharmacist,Sleep Apnea Pharmacist,Eczema and Dermatitis Pharmacist,Gestational Diabetes Pharmacist,HIV and Hepatitis Co Infection Pharmacist,Bridging Therapy Pharmacist,
Surgical Pharmacy Specialist,Hypertension Management Specialist,Home Healthcare Pharmacist,Care Coordination Pharmacist,Hospice and Palliative Care Pharmacist,Pediatric Emergency Medicine Pharmacist,Investigational Drug Pharmacist,Child and Adolescent Psychiatry Pharmacist,Immunocompromised Host Pharmacist,Sepsis Management Pharmacist,Emergency Cardiac Care Pharmacist,Critical Care Nutrition Pharmacist,Structural Heart Disease Pharmacist,Neurocritical Care Pharmacist,Neurocritical Care Pharmacist,Lung Transplant Pharmacist,Supportive Care Oncology Pharmacist,Calcium and Bone Metabolism Pharmacist,Tubular Disorders Pharmacist,Pain and Addiction Pharmacist,Juvenile Idiopathic Arthritis Pharmacist,Immunosuppression Management Pharmacist,Endoscopy Pharmacist,Bronchiectasis Pharmacist,Immunization Specialist Pharmacist,Diabetes Complications Prevention Pharmacist,HIV AIDS Transitions of Care Pharmacist,VTE Prevention Pharmacist,
Cardiology Pharmacy Specialist,Anticoagulation Care Pharmacist,Ambulatory Care Pharmacy Consultant,Patient Centered Pharmacy Practitioner,Falls Prevention Pharmacist,Pediatric Transplant Pharmacy Specialist,Oncology Infusion Pharmacist,Community Mental Health Pharmacist,Pediatric Infectious Diseases Pharmacist,Ventilator Management Pharmacist,Pediatric Emergency Pharmacist,Neonatal and Pediatric Nutrition Pharmacist,Electrophysiology Pharmacist,Neuro Oncology Pharmacist,Neuro Oncology Pharmacist,Heart Transplant Pharmacist,Bone Marrow Transplant Pharmacist,Growth Hormone Disorders Pharmacist,Peritoneal Dialysis Pharmacist,Pediatric Pain Management Pharmacist,Osteoporosis Management Pharmacist,Monoclonal Antibody Therapy Pharmacist,Motility Disorders Pharmacist,Interstitial Lung Disease Pharmacist,Allergic Conjunctivitis Pharmacist,Continuous Glucose Monitoring Pharmacist,HIV Medication Assistance Program Pharmacist,Atrial Fibrillation Management Pharmacist,
Psychiatry Pharmacy Specialist,Mental Health Support Pharmacist,Managed Care Pharmacy Specialist,Ambulatory Clinical Coordinator,Geriatric Mental Health Pharmacist,Pediatric Pulmonology Pharmacist,Radiation Oncology Pharmacy Specialist,Forensic Psychiatry Pharmacist,Healthcare Associated Infections Pharmacist,Sedation and Analgesia Pharmacist,Disaster Response Pharmacist,Bariatric Nutrition Pharmacist,Cardio Oncology Pharmacist,Pediatric Neurology Pharmacist,Pediatric Neurology Pharmacist,Pancreas Transplant Pharmacist,Hemoglobinopathies Pharmacist,Transgender Hormone Therapy Pharmacist,Hemodialysis Pharmacist,Pain Assessment and Monitoring Pharmacist,Biologic Therapy Pharmacist,Immunologic Disorders Pharmacist,Biliary Tract Disorders Pharmacist,Smoking Cessation Pharmacist,Hives and Angioedema Pharmacist,Diabetes Technology Specialist Pharmacist,HIV Specialty Pharmacy Liaison,Anticoagulation Reversal Pharmacist,
Antimicrobial Stewardship Pharmacist,Health Promotion and Education Pharmacist,Medication Safety and Quality Consultant,Ambulatory Pharmacy Practice Leader,Geriatric Pharmacy Clinical Coordinator,Pediatric Neurology Pharmacy Specialist,Pediatric Oncology Pharmacy Specialist,Psychiatric Emergency Medicine Pharmacist,Outpatient Infectious Diseases Pharmacist,Acute Respiratory Distress Syndrome Pharmacist,Triage Pharmacist,Geriatric Nutrition Pharmacist,Advanced Heart Failure and Transplant Pharmacist,Neurorehabilitation Pharmacist,Neurorehabilitation Pharmacist,Composite Tissue Transplant Pharmacist,Thrombosis and Hemostasis Pharmacist,Menopause Management Pharmacist,Continuous Renal Replacement Therapy Pharmacist,Integrative Pain Management Pharmacist,Rheumatology Clinical Coordinator,Immunology Clinical Coordinator,Enteral and Parenteral Nutrition Pharmacist,Mechanical Ventilation Pharmacist,Allergy and Immunology Clinical Coordinator,Diabetes and Cardiovascular Risk Reduction Pharmacist,HIV AIDS Clinical Coordinator,Anticoagulation Education and Counseling Pharmacist,
Medication Safety Specialist,,,,,,,,,,,,,,,,,,,,,,,,,,,,
Clinical Community Pharmacist,,,,,,,,,,,,,,,,,,,,,,,,,,,,
Community Medication Management Specialist,,,,,,,,,,,,,,,,,,,,,,,,,,,,
Patient Centered Pharmacy Practitioner,,,,,,,,,,,,,,,,,,,,,,,,,,,,
Community Care Pharmacist,,,,,,,,,,,,,,,,,,,,,,,,,,,,
Chronic Disease Management Specialist,,,,,,,,,,,,,,,,,,,,,,,,,,,,
Immunization and Wellness Pharmacist,,,,,,,,,,,,,,,,,,,,,,,,,,,,
Medication Therapy Management Expert,,,,,,,,,,,,,,,,,,,,,,,,,,,,
Geriatric Pharmacy Consultant,,,,,,,,,,,,,,,,,,,,,,,,,,,,
Diabetes Care Specialist Pharmacist,,,,,,,,,,,,,,,,,,,,,,,,,,,,
Asthma COPD Management Pharmacist,,,,,,,,,,,,,,,,,,,,,,,,,,,,
Smoking Cessation Counselor Pharmacist,,,,,,,,,,,,,,,,,,,,,,,,,,,,
Hypertension Management Specialist,,,,,,,,,,,,,,,,,,,,,,,,,,,,
Anticoagulation Care Pharmacist,,,,,,,,,,,,,,,,,,,,,,,,,,,,
Mental Health Support Pharmacist,,,,,,,,,,,,,,,,,,,,,,,,,,,,
Health Promotion and Education Pharmacist,,,,,,,,,,,,,,,,,,,,,,,,,,,,
Clinical Pharmacy Consultant,,,,,,,,,,,,,,,,,,,,,,,,,,,,
Medication Management Consultant,,,,,,,,,,,,,,,,,,,,,,,,,,,,
Pharmaceutical Care Advisor,,,,,,,,,,,,,,,,,,,,,,,,,,,,
Therapeutic Consultation Pharmacist,,,,,,,,,,,,,,,,,,,,,,,,,,,,
Clinical Pharmacotherapy Specialist,,,,,,,,,,,,,,,,,,,,,,,,,,,,
Long Term Care Pharmacy Specialist,,,,,,,,,,,,,,,,,,,,,,,,,,,,
Skilled Nursing Facility Pharmacist,,,,,,,,,,,,,,,,,,,,,,,,,,,,
Assisted Living Pharmacy Consultant,,,,,,,,,,,,,,,,,,,,,,,,,,,,
Hospice and Palliative Care Pharmacist,,,,,,,,,,,,,,,,,,,,,,,,,,,,
Mental Health Pharmacy Consultant,,,,,,,,,,,,,,,,,,,,,,,,,,,,
Home Healthcare Pharmacist,,,,,,,,,,,,,,,,,,,,,,,,,,,,
Ambulatory Care Pharmacy Consultant,,,,,,,,,,,,,,,,,,,,,,,,,,,,
Managed Care Pharmacy Specialist,,,,,,,,,,,,,,,,,,,,,,,,,,,,
Ambulatory Care Clinical Pharmacist,,,,,,,,,,,,,,,,,,,,,,,,,,,,
Outpatient Pharmacy Specialist,,,,,,,,,,,,,,,,,,,,,,,,,,,,
Chronic Disease Management Pharmacist,,,,,,,,,,,,,,,,,,,,,,,,,,,,
Medication Therapy Management Pharmacist,,,,,,,,,,,,,,,,,,,,,,,,,,,,
Comprehensive Care Pharmacist,,,,,,,,,,,,,,,,,,,,,,,,,,,,
Primary Care Pharmacy Clinician,,,,,,,,,,,,,,,,,,,,,,,,,,,,
Specialty Pharmacy Consultant,,,,,,,,,,,,,,,,,,,,,,,,,,,,
Disease State Management Pharmacist,,,,,,,,,,,,,,,,,,,,,,,,,,,,
Wellness and Preventive Care Pharmacist,,,,,,,,,,,,,,,,,,,,,,,,,,,,
Transitional Care Pharmacist,,,,,,,,,,,,,,,,,,,,,,,,,,,,
Population Health Pharmacist,,,,,,,,,,,,,,,,,,,,,,,,,,,,
Care Coordination Pharmacist,,,,,,,,,,,,,,,,,,,,,,,,,,,,
Ambulatory Clinical Coordinator,,,,,,,,,,,,,,,,,,,,,,,,,,,,
Ambulatory Pharmacy Practice Leader,,,,,,,,,,,,,,,,,,,,,,,,,,,,
Geriatric Pharmacy Specialist,,,,,,,,,,,,,,,,,,,,,,,,,,,,
Senior Care Pharmacist,,,,,,,,,,,,,,,,,,,,,,,,,,,,
Elderly Medication Management Pharmacist,,,,,,,,,,,,,,,,,,,,,,,,,,,,
Aging Population Pharmacist,,,,,,,,,,,,,,,,,,,,,,,,,,,,
Polypharmacy Management Pharmacist,,,,,,,,,,,,,,,,,,,,,,,,,,,,
Geriatric Medication Safety Specialist,,,,,,,,,,,,,,,,,,,,,,,,,,,,
Long Term Care Pharmacy Consultant,,,,,,,,,,,,,,,,,,,,,,,,,,,,
Nursing Home Pharmacy Specialist,,,,,,,,,,,,,,,,,,,,,,,,,,,,
Geriatric Transitions of Care Pharmacist,,,,,,,,,,,,,,,,,,,,,,,,,,,,
Dementia Care Pharmacist,,,,,,,,,,,,,,,,,,,,,,,,,,,,
Falls Prevention Pharmacist,,,,,,,,,,,,,,,,,,,,,,,,,,,,
Geriatric Mental Health Pharmacist,,,,,,,,,,,,,,,,,,,,,,,,,,,,
Geriatric Pharmacy Clinical Coordinator,,,,,,,,,,,,,,,,,,,,,,,,,,,,
Pediatric Pharmacist,,,,,,,,,,,,,,,,,,,,,,,,,,,,
Children Health Pharmacist,,,,,,,,,,,,,,,,,,,,,,,,,,,,
Pediatric Medication Management Pharmacist,,,,,,,,,,,,,,,,,,,,,,,,,,,,
Pediatric Drug Therapy Specialist,,,,,,,,,,,,,,,,,,,,,,,,,,,,
Pediatric Clinical Pharmacist,,,,,,,,,,,,,,,,,,,,,,,,,,,,
Neonatal and Pediatric Pharmacist,,,,,,,,,,,,,,,,,,,,,,,,,,,,
Pediatric Medication Safety Officer,,,,,,,,,,,,,,,,,,,,,,,,,,,,
Pediatric Infectious Diseases Pharmacist,,,,,,,,,,,,,,,,,,,,,,,,,,,,
Pediatric Oncology Pharmacy Specialist,,,,,,,,,,,,,,,,,,,,,,,,,,,,
Pediatric Critical Care Pharmacist,,,,,,,,,,,,,,,,,,,,,,,,,,,,
Pediatric Ambulatory Care Pharmacist,,,,,,,,,,,,,,,,,,,,,,,,,,,,
Pediatric Emergency Medicine Pharmacist,,,,,,,,,,,,,,,,,,,,,,,,,,,,
Pediatric Transplant Pharmacy Specialist,,,,,,,,,,,,,,,,,,,,,,,,,,,,
Pediatric Pulmonology Pharmacist,,,,,,,,,,,,,,,,,,,,,,,,,,,,
Pediatric Neurology Pharmacy Specialist,,,,,,,,,,,,,,,,,,,,,,,,,,,,
Oncology Pharmacist,,,,,,,,,,,,,,,,,,,,,,,,,,,,
Cancer Care Pharmacist,,,,,,,,,,,,,,,,,,,,,,,,,,,,
Chemotherapy Management Pharmacist,,,,,,,,,,,,,,,,,,,,,,,,,,,,
Oncology Medication Safety Specialist,,,,,,,,,,,,,,,,,,,,,,,,,,,,
Hematology Oncology Pharmacist,,,,,,,,,,,,,,,,,,,,,,,,,,,,
Oncology Clinical Pharmacist,,,,,,,,,,,,,,,,,,,,,,,,,,,,
Palliative Care Pharmacist,,,,,,,,,,,,,,,,,,,,,,,,,,,,
Supportive Care Pharmacist,,,,,,,,,,,,,,,,,,,,,,,,,,,,
Ambulatory Oncology Pharmacist,,,,,,,,,,,,,,,,,,,,,,,,,,,,
Inpatient Oncology Pharmacist,,,,,,,,,,,,,,,,,,,,,,,,,,,,
Oncology Transitions of Care Pharmacist,,,,,,,,,,,,,,,,,,,,,,,,,,,,
Investigational Drug Pharmacist,,,,,,,,,,,,,,,,,,,,,,,,,,,,
Oncology Infusion Pharmacist,,,,,,,,,,,,,,,,,,,,,,,,,,,,
Radiation Oncology Pharmacy Specialist,,,,,,,,,,,,,,,,,,,,,,,,,,,,
Psychiatric Pharmacist,,,,,,,,,,,,,,,,,,,,,,,,,,,,
Psychiatric Pharmacy Specialist,,,,,,,,,,,,,,,,,,,,,,,,,,,,
Mental Health Pharmacist,,,,,,,,,,,,,,,,,,,,,,,,,,,,
Psychopharmacology Specialist,,,,,,,,,,,,,,,,,,,,,,,,,,,,
Psychiatric Medication Management Pharmacist,,,,,,,,,,,,,,,,,,,,,,,,,,,,
Behavioral Health Pharmacist,,,,,,,,,,,,,,,,,,,,,,,,,,,,
Substance Use Disorder Pharmacist,,,,,,,,,,,,,,,,,,,,,,,,,,,,
Psychiatry Clinical Pharmacist,,,,,,,,,,,,,,,,,,,,,,,,,,,,
Psychiatric Consultation Pharmacist,,,,,,,,,,,,,,,,,,,,,,,,,,,,
Dual Diagnosis Pharmacist,,,,,,,,,,,,,,,,,,,,,,,,,,,,
Psychiatric Transitions of Care Pharmacist,,,,,,,,,,,,,,,,,,,,,,,,,,,,
Geriatric Psychiatry Pharmacist,,,,,,,,,,,,,,,,,,,,,,,,,,,,
Child and Adolescent Psychiatry Pharmacist,,,,,,,,,,,,,,,,,,,,,,,,,,,,
Community Mental Health Pharmacist,,,,,,,,,,,,,,,,,,,,,,,,,,,,
Forensic Psychiatry Pharmacist,,,,,,,,,,,,,,,,,,,,,,,,,,,,
Psychiatric Emergency Medicine Pharmacist,,,,,,,,,,,,,,,,,,,,,,,,,,,,
Infectious Diseases Pharmacy Specialist,,,,,,,,,,,,,,,,,,,,,,,,,,,,
Infectious Diseases Medication Management Pharmacist,,,,,,,,,,,,,,,,,,,,,,,,,,,,
Antimicrobial Therapy Specialist,,,,,,,,,,,,,,,,,,,,,,,,,,,,
Infectious Diseases Clinical Pharmacist,,,,,,,,,,,,,,,,,,,,,,,,,,,,
HIV AIDS Pharmacy Specialist,,,,,,,,,,,,,,,,,,,,,,,,,,,,
Transplant Infectious Diseases Pharmacist,,,,,,,,,,,,,,,,,,,,,,,,,,,,
Travel Medicine Pharmacist,,,,,,,,,,,,,,,,,,,,,,,,,,,,
Infection Control Pharmacist,,,,,,,,,,,,,,,,,,,,,,,,,,,,
Tuberculosis Pharmacy Specialist,,,,,,,,,,,,,,,,,,,,,,,,,,,,
Infectious Diseases Consultation Pharmacist,,,,,,,,,,,,,,,,,,,,,,,,,,,,
Immunocompromised Host Pharmacist,,,,,,,,,,,,,,,,,,,,,,,,,,,,
Healthcare Associated Infections Pharmacist,,,,,,,,,,,,,,,,,,,,,,,,,,,,
Outpatient Infectious Diseases Pharmacist,,,,,,,,,,,,,,,,,,,,,,,,,,,,
Critical Care Pharmacy Specialist,,,,,,,,,,,,,,,,,,,,,,,,,,,,
ICU Pharmacist,,,,,,,,,,,,,,,,,,,,,,,,,,,,
Intensive Care Pharmacist,,,,,,,,,,,,,,,,,,,,,,,,,,,,
Emergency Critical Care Pharmacist,,,,,,,,,,,,,,,,,,,,,,,,,,,,
Trauma Pharmacy Specialist,,,,,,,,,,,,,,,,,,,,,,,,,,,,
Cardiac Intensive Care Pharmacist,,,,,,,,,,,,,,,,,,,,,,,,,,,,
Neurocritical Care Pharmacist,,,,,,,,,,,,,,,,,,,,,,,,,,,,
Surgical Intensive Care Pharmacist,,,,,,,,,,,,,,,,,,,,,,,,,,,,
Burn Intensive Care Pharmacist,,,,,,,,,,,,,,,,,,,,,,,,,,,,
ECMO Pharmacist,,,,,,,,,,,,,,,,,,,,,,,,,,,,
Sepsis Management Pharmacist,,,,,,,,,,,,,,,,,,,,,,,,,,,,
Ventilator Management Pharmacist,,,,,,,,,,,,,,,,,,,,,,,,,,,,
Sedation and Analgesia Pharmacist,,,,,,,,,,,,,,,,,,,,,,,,,,,,
Acute Respiratory Distress Syndrome Pharmacist,,,,,,,,,,,,,,,,,,,,,,,,,,,,
Emergency Medicine Pharmacy Specialist,,,,,,,,,,,,,,,,,,,,,,,,,,,,
Emergency Department Pharmacist,,,,,,,,,,,,,,,,,,,,,,,,,,,,
Critical Intervention Pharmacist,,,,,,,,,,,,,,,,,,,,,,,,,,,,
Rapid Response Pharmacist,,,,,,,,,,,,,,,,,,,,,,,,,,,,
Trauma Response Pharmacist,,,,,,,,,,,,,,,,,,,,,,,,,,,,
Code Blue Pharmacist,,,,,,,,,,,,,,,,,,,,,,,,,,,,
Medication Emergency Specialist,,,,,,,,,,,,,,,,,,,,,,,,,,,,
Resuscitation Pharmacist,,,,,,,,,,,,,,,,,,,,,,,,,,,,
Stroke Response Pharmacist,,,,,,,,,,,,,,,,,,,,,,,,,,,,
Toxicology Pharmacist,,,,,,,,,,,,,,,,,,,,,,,,,,,,
Emergency Cardiac Care Pharmacist,,,,,,,,,,,,,,,,,,,,,,,,,,,,
Pediatric Emergency Pharmacist,,,,,,,,,,,,,,,,,,,,,,,,,,,,
Disaster Response Pharmacist,,,,,,,,,,,,,,,,,,,,,,,,,,,,
Triage Pharmacist,,,,,,,,,,,,,,,,,,,,,,,,,,,,
Nutrition Support Pharmacist,,,,,,,,,,,,,,,,,,,,,,,,,,,,
Nutrition Support Pharmacy Specialist,,,,,,,,,,,,,,,,,,,,,,,,,,,,
Clinical Nutrition Pharmacist,,,,,,,,,,,,,,,,,,,,,,,,,,,,
Enteral and Parenteral Nutrition Pharmacist,,,,,,,,,,,,,,,,,,,,,,,,,,,,
Nutritional Therapy Pharmacist,,,,,,,,,,,,,,,,,,,,,,,,,,,,
Metabolic Support Pharmacist,,,,,,,,,,,,,,,,,,,,,,,,,,,,
Home Infusion Nutrition Pharmacist,,,,,,,,,,,,,,,,,,,,,,,,,,,,
Total Parenteral Nutrition Pharmacist,,,,,,,,,,,,,,,,,,,,,,,,,,,,
Enteral Feeding Pharmacist,,,,,,,,,,,,,,,,,,,,,,,,,,,,
Nutrition Support Team Pharmacist,,,,,,,,,,,,,,,,,,,,,,,,,,,,
Gastrointestinal Nutrition Pharmacist,,,,,,,,,,,,,,,,,,,,,,,,,,,,
Oncology Nutrition Pharmacist,,,,,,,,,,,,,,,,,,,,,,,,,,,,
Critical Care Nutrition Pharmacist,,,,,,,,,,,,,,,,,,,,,,,,,,,,
Neonatal and Pediatric Nutrition Pharmacist,,,,,,,,,,,,,,,,,,,,,,,,,,,,
Bariatric Nutrition Pharmacist,,,,,,,,,,,,,,,,,,,,,,,,,,,,
Geriatric Nutrition Pharmacist,,,,,,,,,,,,,,,,,,,,,,,,,,,,
Cardiology Pharmacist,,,,,,,,,,,,,,,,,,,,,,,,,,,,
Cardiovascular Pharmacist,,,,,,,,,,,,,,,,,,,,,,,,,,,,
Heart Health Pharmacist,,,,,,,,,,,,,,,,,,,,,,,,,,,,
Anticoagulation Management Pharmacist,,,,,,,,,,,,,,,,,,,,,,,,,,,,
Lipid Management Pharmacist,,,,,,,,,,,,,,,,,,,,,,,,,,,,
Hypertension Specialist Pharmacist,,,,,,,,,,,,,,,,,,,,,,,,,,,,
Heart Failure Pharmacist,,,,,,,,,,,,,,,,,,,,,,,,,,,,
Arrhythmia Management Pharmacist,,,,,,,,,,,,,,,,,,,,,,,,,,,,
Cardiovascular Medication Therapy Pharmacist,,,,,,,,,,,,,,,,,,,,,,,,,,,,
Cardiovascular Risk Reduction Pharmacist,,,,,,,,,,,,,,,,,,,,,,,,,,,,
Peripheral Vascular Disease Pharmacist,,,,,,,,,,,,,,,,,,,,,,,,,,,,
Structural Heart Disease Pharmacist,,,,,,,,,,,,,,,,,,,,,,,,,,,,
Electrophysiology Pharmacist,,,,,,,,,,,,,,,,,,,,,,,,,,,,
Cardio Oncology Pharmacist,,,,,,,,,,,,,,,,,,,,,,,,,,,,
Advanced Heart Failure and Transplant Pharmacist,,,,,,,,,,,,,,,,,,,,,,,,,,,,
Neurology Pharmacist,,,,,,,,,,,,,,,,,,,,,,,,,,,,
Neurology Pharmacy Specialist,,,,,,,,,,,,,,,,,,,,,,,,,,,,
Neuropharmacology Pharmacist,,,,,,,,,,,,,,,,,,,,,,,,,,,,
Epilepsy Management Pharmacist,,,,,,,,,,,,,,,,,,,,,,,,,,,,
Movement Disorders Pharmacist,,,,,,,,,,,,,,,,,,,,,,,,,,,,
Multiple Sclerosis Pharmacist,,,,,,,,,,,,,,,,,,,,,,,,,,,,
Headache and Migraine Pharmacist,,,,,,,,,,,,,,,,,,,,,,,,,,,,
Stroke Management Pharmacist,,,,,,,,,,,,,,,,,,,,,,,,,,,,
Parkinson Disease Pharmacist,,,,,,,,,,,,,,,,,,,,,,,,,,,,
Neuropathic Pain Pharmacist,,,,,,,,,,,,,,,,,,,,,,,,,,,,
Alzheimer Disease and Dementia Pharmacist,,,,,,,,,,,,,,,,,,,,,,,,,,,,
Neuromuscular Disorders Pharmacist,,,,,,,,,,,,,,,,,,,,,,,,,,,,
Neuro Oncology Pharmacist,,,,,,,,,,,,,,,,,,,,,,,,,,,,
Pediatric Neurology Pharmacist,,,,,,,,,,,,,,,,,,,,,,,,,,,,
Neurorehabilitation Pharmacist,,,,,,,,,,,,,,,,,,,,,,,,,,,,
Transplant Pharmacist,,,,,,,,,,,,,,,,,,,,,,,,,,,,
Transplant Pharmacy Specialist,,,,,,,,,,,,,,,,,,,,,,,,,,,,
Solid Organ Transplant Pharmacist,,,,,,,,,,,,,,,,,,,,,,,,,,,,
Hematopoietic Stem Cell Transplant Pharmacist,,,,,,,,,,,,,,,,,,,,,,,,,,,,
Immunotherapy Pharmacist,,,,,,,,,,,,,,,,,,,,,,,,,,,,
Transplant Medication Management Pharmacist,,,,,,,,,,,,,,,,,,,,,,,,,,,,
Immunosuppression Management Pharmacist,,,,,,,,,,,,,,,,,,,,,,,,,,,,
Post Transplant Care Pharmacist,,,,,,,,,,,,,,,,,,,,,,,,,,,,
Graft versus Host Disease Pharmacist,,,,,,,,,,,,,,,,,,,,,,,,,,,,
Renal Transplant Pharmacist,,,,,,,,,,,,,,,,,,,,,,,,,,,,
Liver Transplant Pharmacist,,,,,,,,,,,,,,,,,,,,,,,,,,,,
Lung Transplant Pharmacist,,,,,,,,,,,,,,,,,,,,,,,,,,,,
Heart Transplant Pharmacist,,,,,,,,,,,,,,,,,,,,,,,,,,,,
Pancreas Transplant Pharmacist,,,,,,,,,,,,,,,,,,,,,,,,,,,,
Composite Tissue Transplant Pharmacist,,,,,,,,,,,,,,,,,,,,,,,,,,,,
Hematology Oncology Pharmacist,,,,,,,,,,,,,,,,,,,,,,,,,,,,
Hematology Oncology Pharmacy Specialist,,,,,,,,,,,,,,,,,,,,,,,,,,,,
Oncology and Hematology Pharmacist,,,,,,,,,,,,,,,,,,,,,,,,,,,,
Hematologic Malignancies Pharmacist,,,,,,,,,,,,,,,,,,,,,,,,,,,,
Antineoplastic Therapy Pharmacist,,,,,,,,,,,,,,,,,,,,,,,,,,,,
Symptom Management Pharmacist,,,,,,,,,,,,,,,,,,,,,,,,,,,,
Leukemia and Lymphoma Pharmacist,,,,,,,,,,,,,,,,,,,,,,,,,,,,
Solid Tumor Pharmacist,,,,,,,,,,,,,,,,,,,,,,,,,,,,
Supportive Care Oncology Pharmacist,,,,,,,,,,,,,,,,,,,,,,,,,,,,
Bone Marrow Transplant Pharmacist,,,,,,,,,,,,,,,,,,,,,,,,,,,,
Hemoglobinopathies Pharmacist,,,,,,,,,,,,,,,,,,,,,,,,,,,,
Thrombosis and Hemostasis Pharmacist,,,,,,,,,,,,,,,,,,,,,,,,,,,,
Endocrinology Pharmacist,,,,,,,,,,,,,,,,,,,,,,,,,,,,
Endocrinology Pharmacy Specialist,,,,,,,,,,,,,,,,,,,,,,,,,,,,
Diabetes Management Pharmacist,,,,,,,,,,,,,,,,,,,,,,,,,,,,
Hormone Therapy Pharmacist,,,,,,,,,,,,,,,,,,,,,,,,,,,,
Thyroid Disorders Pharmacist,,,,,,,,,,,,,,,,,,,,,,,,,,,,
Pituitary and Adrenal Disorders Pharmacist,,,,,,,,,,,,,,,,,,,,,,,,,,,,
Osteoporosis Management Pharmacist,,,,,,,,,,,,,,,,,,,,,,,,,,,,
Reproductive Endocrinology Pharmacist,,,,,,,,,,,,,,,,,,,,,,,,,,,,
Lipid Disorders Pharmacist,,,,,,,,,,,,,,,,,,,,,,,,,,,,
Pediatric Endocrinology Pharmacist,,,,,,,,,,,,,,,,,,,,,,,,,,,,
Metabolic Syndrome Pharmacist,,,,,,,,,,,,,,,,,,,,,,,,,,,,
Polycystic Ovary Syndrome Pharmacist,,,,,,,,,,,,,,,,,,,,,,,,,,,,
Calcium and Bone Metabolism Pharmacist,,,,,,,,,,,,,,,,,,,,,,,,,,,,
Growth Hormone Disorders Pharmacist,,,,,,,,,,,,,,,,,,,,,,,,,,,,
Transgender Hormone Therapy Pharmacist,,,,,,,,,,,,,,,,,,,,,,,,,,,,
Menopause Management Pharmacist,,,,,,,,,,,,,,,,,,,,,,,,,,,,
Nephrology Pharmacist,,,,,,,,,,,,,,,,,,,,,,,,,,,,
Nephrology Pharmacy Specialist,,,,,,,,,,,,,,,,,,,,,,,,,,,,
Renal Pharmacotherapy Pharmacist,,,,,,,,,,,,,,,,,,,,,,,,,,,,
Dialysis Pharmacist,,,,,,,,,,,,,,,,,,,,,,,,,,,,
Chronic Kidney Disease Pharmacist,,,,,,,,,,,,,,,,,,,,,,,,,,,,
Acute Kidney Injury Pharmacist,,,,,,,,,,,,,,,,,,,,,,,,,,,,
Electrolyte Management Pharmacist,,,,,,,,,,,,,,,,,,,,,,,,,,,,
Renal Nutrition Pharmacist,,,,,,,,,,,,,,,,,,,,,,,,,,,,
Mineral and Bone Disorders Pharmacist,,,,,,,,,,,,,,,,,,,,,,,,,,,,
Hypertension Management Pharmacist,,,,,,,,,,,,,,,,,,,,,,,,,,,,
Glomerular Diseases Pharmacist,,,,,,,,,,,,,,,,,,,,,,,,,,,,
Tubular Disorders Pharmacist,,,,,,,,,,,,,,,,,,,,,,,,,,,,
Peritoneal Dialysis Pharmacist,,,,,,,,,,,,,,,,,,,,,,,,,,,,
Hemodialysis Pharmacist,,,,,,,,,,,,,,,,,,,,,,,,,,,,
Continuous Renal Replacement Therapy Pharmacist,,,,,,,,,,,,,,,,,,,,,,,,,,,,
Pain Management Pharmacist,,,,,,,,,,,,,,,,,,,,,,,,,,,,
Pain Management Pharmacy Specialist,,,,,,,,,,,,,,,,,,,,,,,,,,,,
Chronic Pain Pharmacist,,,,,,,,,,,,,,,,,,,,,,,,,,,,
Acute Pain Control Pharmacist,,,,,,,,,,,,,,,,,,,,,,,,,,,,
Opioid Stewardship Pharmacist,,,,,,,,,,,,,,,,,,,,,,,,,,,,
Multimodal Analgesia Pharmacist,,,,,,,,,,,,,,,,,,,,,,,,,,,,
Interventional Pain Management Pharmacist,,,,,,,,,,,,,,,,,,,,,,,,,,,,
Cancer Pain Pharmacist,,,,,,,,,,,,,,,,,,,,,,,,,,,,
Non opioid Pain Management Pharmacist,,,,,,,,,,,,,,,,,,,,,,,,,,,,
Postoperative Pain Pharmacist,,,,,,,,,,,,,,,,,,,,,,,,,,,,
Pain and Addiction Pharmacist,,,,,,,,,,,,,,,,,,,,,,,,,,,,
Pediatric Pain Management Pharmacist,,,,,,,,,,,,,,,,,,,,,,,,,,,,
Pain Assessment and Monitoring Pharmacist,,,,,,,,,,,,,,,,,,,,,,,,,,,,
Integrative Pain Management Pharmacist,,,,,,,,,,,,,,,,,,,,,,,,,,,,
Rheumatology Pharmacist,,,,,,,,,,,,,,,,,,,,,,,,,,,,
Rheumatology Pharmacy Specialist,,,,,,,,,,,,,,,,,,,,,,,,,,,,
Autoimmune Disease Pharmacist,,,,,,,,,,,,,,,,,,,,,,,,,,,,
Rheumatoid Arthritis Pharmacist,,,,,,,,,,,,,,,,,,,,,,,,,,,,
Systemic Lupus Erythematosus Pharmacist,,,,,,,,,,,,,,,,,,,,,,,,,,,,
Psoriatic Arthritis Pharmacist,,,,,,,,,,,,,,,,,,,,,,,,,,,,
Ankylosing Spondylitis Pharmacist,,,,,,,,,,,,,,,,,,,,,,,,,,,,
Gout Management Pharmacist,,,,,,,,,,,,,,,,,,,,,,,,,,,,
Osteoarthritis Pharmacist,,,,,,,,,,,,,,,,,,,,,,,,,,,,
Vasculitis Pharmacist,,,,,,,,,,,,,,,,,,,,,,,,,,,,
Sjögren Syndrome Pharmacist,,,,,,,,,,,,,,,,,,,,,,,,,,,,
Dermatomyositis and Polymyositis Pharmacist,,,,,,,,,,,,,,,,,,,,,,,,,,,,
Juvenile Idiopathic Arthritis Pharmacist,,,,,,,,,,,,,,,,,,,,,,,,,,,,
Biologic Therapy Pharmacist,,,,,,,,,,,,,,,,,,,,,,,,,,,,
Rheumatology Clinical Coordinator,,,,,,,,,,,,,,,,,,,,,,,,,,,,
Immunology Pharmacist,,,,,,,,,,,,,,,,,,,,,,,,,,,,
Immunology Pharmacy Specialist,,,,,,,,,,,,,,,,,,,,,,,,,,,,
Immunodeficiency Pharmacist,,,,,,,,,,,,,,,,,,,,,,,,,,,,
Allergy and Asthma Pharmacist,,,,,,,,,,,,,,,,,,,,,,,,,,,,
Rheumatology and Immunology Pharmacist,,,,,,,,,,,,,,,,,,,,,,,,,,,,
Transplant Immunology Pharmacist,,,,,,,,,,,,,,,,,,,,,,,,,,,,
Infectious Diseases and Immunology Pharmacist,,,,,,,,,,,,,,,,,,,,,,,,,,,,
Immunization Specialist Pharmacist,,,,,,,,,,,,,,,,,,,,,,,,,,,,
Inflammatory Bowel Disease Pharmacist,,,,,,,,,,,,,,,,,,,,,,,,,,,,
Monoclonal Antibody Therapy Pharmacist,,,,,,,,,,,,,,,,,,,,,,,,,,,,
Immunologic Disorders Pharmacist,,,,,,,,,,,,,,,,,,,,,,,,,,,,
Immunology Clinical Coordinator,,,,,,,,,,,,,,,,,,,,,,,,,,,,
Gastroenterology Pharmacist,,,,,,,,,,,,,,,,,,,,,,,,,,,,
Gastroenterology Pharmacy Specialist,,,,,,,,,,,,,,,,,,,,,,,,,,,,
Digestive Health Pharmacist,,,,,,,,,,,,,,,,,,,,,,,,,,,,
Inflammatory Bowel Disease Pharmacist,,,,,,,,,,,,,,,,,,,,,,,,,,,,
Hepatology Pharmacist,,,,,,,,,,,,,,,,,,,,,,,,,,,,
Gastrointestinal Medication Management Pharmacist,,,,,,,,,,,,,,,,,,,,,,,,,,,,
Irritable Bowel Syndrome Pharmacist,,,,,,,,,,,,,,,,,,,,,,,,,,,,
Gastroesophageal Reflux Disease Pharmacist,,,,,,,,,,,,,,,,,,,,,,,,,,,,
Pancreatic Disorders Pharmacist,,,,,,,,,,,,,,,,,,,,,,,,,,,,
GI Oncology Pharmacist,,,,,,,,,,,,,,,,,,,,,,,,,,,,
Hepatitis C Management Pharmacist,,,,,,,,,,,,,,,,,,,,,,,,,,,,
Endoscopy Pharmacist,,,,,,,,,,,,,,,,,,,,,,,,,,,,
Motility Disorders Pharmacist,,,,,,,,,,,,,,,,,,,,,,,,,,,,
Biliary Tract Disorders Pharmacist,,,,,,,,,,,,,,,,,,,,,,,,,,,,
Respiratory Care Pharmacist,,,,,,,,,,,,,,,,,,,,,,,,,,,,
Respiratory Care Pharmacy Specialist,,,,,,,,,,,,,,,,,,,,,,,,,,,,
Pulmonary Pharmacist,,,,,,,,,,,,,,,,,,,,,,,,,,,,
Asthma Management Pharmacist,,,,,,,,,,,,,,,,,,,,,,,,,,,,
Chronic Obstructive Pulmonary Disease Pharmacist,,,,,,,,,,,,,,,,,,,,,,,,,,,,
Cystic Fibrosis Pharmacist,,,,,,,,,,,,,,,,,,,,,,,,,,,,
Inhalation Therapy Pharmacist,,,,,,,,,,,,,,,,,,,,,,,,,,,,
Pulmonary Hypertension Pharmacist,,,,,,,,,,,,,,,,,,,,,,,,,,,,
Respiratory Infections Pharmacist,,,,,,,,,,,,,,,,,,,,,,,,,,,,
Oxygen Therapy Pharmacist,,,,,,,,,,,,,,,,,,,,,,,,,,,,
Pulmonary Rehabilitation Pharmacist,,,,,,,,,,,,,,,,,,,,,,,,,,,,
Sleep Apnea Pharmacist,,,,,,,,,,,,,,,,,,,,,,,,,,,,
Bronchiectasis Pharmacist,,,,,,,,,,,,,,,,,,,,,,,,,,,,
Interstitial Lung Disease Pharmacist,,,,,,,,,,,,,,,,,,,,,,,,,,,,
Smoking Cessation Pharmacist,,,,,,,,,,,,,,,,,,,,,,,,,,,,
Mechanical Ventilation Pharmacist,,,,,,,,,,,,,,,,,,,,,,,,,,,,
Allergy and Immunology Pharmacist,,,,,,,,,,,,,,,,,,,,,,,,,,,,
Allergy and Immunology Pharmacy Specialist,,,,,,,,,,,,,,,,,,,,,,,,,,,,
Allergen Management Pharmacist,,,,,,,,,,,,,,,,,,,,,,,,,,,,
Allergic Rhinitis Pharmacist,,,,,,,,,,,,,,,,,,,,,,,,,,,,
Anaphylaxis Prevention Pharmacist,,,,,,,,,,,,,,,,,,,,,,,,,,,,
Food Allergy Management Pharmacist,,,,,,,,,,,,,,,,,,,,,,,,,,,,
Drug Allergy Pharmacist,,,,,,,,,,,,,,,,,,,,,,,,,,,,
Immunodeficiency Disorders Pharmacist,,,,,,,,,,,,,,,,,,,,,,,,,,,,
Allergy Testing and Evaluation Pharmacist,,,,,,,,,,,,,,,,,,,,,,,,,,,,
Eczema and Dermatitis Pharmacist,,,,,,,,,,,,,,,,,,,,,,,,,,,,
Allergic Conjunctivitis Pharmacist,,,,,,,,,,,,,,,,,,,,,,,,,,,,
Hives and Angioedema Pharmacist,,,,,,,,,,,,,,,,,,,,,,,,,,,,
Allergy and Immunology Clinical Coordinator,,,,,,,,,,,,,,,,,,,,,,,,,,,,
Diabetes Care Pharmacist,,,,,,,,,,,,,,,,,,,,,,,,,,,,
Diabetes Care Pharmacy Specialist,,,,,,,,,,,,,,,,,,,,,,,,,,,,
Medication Therapy Management Pharmacist for Diabetes,,,,,,,,,,,,,,,,,,,,,,,,,,,,
Insulin Therapy Pharmacist,,,,,,,,,,,,,,,,,,,,,,,,,,,,
Glucose Monitoring Pharmacist,,,,,,,,,,,,,,,,,,,,,,,,,,,,
Diabetes Education and Counseling Pharmacist,,,,,,,,,,,,,,,,,,,,,,,,,,,,
Hypoglycemia Prevention and Management Pharmacist,,,,,,,,,,,,,,,,,,,,,,,,,,,,
Diabetic Ketoacidosis Management Pharmacist,,,,,,,,,,,,,,,,,,,,,,,,,,,,
Type 1 Diabetes Pharmacist,,,,,,,,,,,,,,,,,,,,,,,,,,,,
Type 2 Diabetes Pharmacist,,,,,,,,,,,,,,,,,,,,,,,,,,,,
Gestational Diabetes Pharmacist,,,,,,,,,,,,,,,,,,,,,,,,,,,,
Diabetes Complications Prevention Pharmacist,,,,,,,,,,,,,,,,,,,,,,,,,,,,
Continuous Glucose Monitoring Pharmacist,,,,,,,,,,,,,,,,,,,,,,,,,,,,
Diabetes Technology Specialist Pharmacist,,,,,,,,,,,,,,,,,,,,,,,,,,,,
Diabetes and Cardiovascular Risk Reduction Pharmacist,,,,,,,,,,,,,,,,,,,,,,,,,,,,
HIV AIDS Pharmacist,,,,,,,,,,,,,,,,,,,,,,,,,,,,
Antiretroviral Therapy Pharmacist,,,,,,,,,,,,,,,,,,,,,,,,,,,,
HIV Medication Management Pharmacist,,,,,,,,,,,,,,,,,,,,,,,,,,,,
Opportunistic Infections Pharmacist,,,,,,,,,,,,,,,,,,,,,,,,,,,,
HIV Pre Exposure Prophylaxis Pharmacist,,,,,,,,,,,,,,,,,,,,,,,,,,,,
HIV Post Exposure Prophylaxis Pharmacist,,,,,,,,,,,,,,,,,,,,,,,,,,,,
Adherence Counseling Pharmacist,,,,,,,,,,,,,,,,,,,,,,,,,,,,
Viral Load Monitoring Pharmacist,,,,,,,,,,,,,,,,,,,,,,,,,,,,
HIV Medication Adverse Effects Management Pharmacist,,,,,,,,,,,,,,,,,,,,,,,,,,,,
HIV and Hepatitis Co Infection Pharmacist,,,,,,,,,,,,,,,,,,,,,,,,,,,,
HIV AIDS Transitions of Care Pharmacist,,,,,,,,,,,,,,,,,,,,,,,,,,,,
HIV Medication Assistance Program Pharmacist,,,,,,,,,,,,,,,,,,,,,,,,,,,,
HIV Specialty Pharmacy Liaison,,,,,,,,,,,,,,,,,,,,,,,,,,,,
HIV AIDS Clinical Coordinator,,,,,,,,,,,,,,,,,,,,,,,,,,,,
Anticoagulation Pharmacist,,,,,,,,,,,,,,,,,,,,,,,,,,,,
Anticoagulation Pharmacy Specialist,,,,,,,,,,,,,,,,,,,,,,,,,,,,
Thrombosis Management Pharmacist,,,,,,,,,,,,,,,,,,,,,,,,,,,,
Anticoagulant Therapy Pharmacist,,,,,,,,,,,,,,,,,,,,,,,,,,,,
Warfarin Clinic Pharmacist,,,,,,,,,,,,,,,,,,,,,,,,,,,,
Direct Oral Anticoagulant Pharmacist,,,,,,,,,,,,,,,,,,,,,,,,,,,,
Heparin Management Pharmacist,,,,,,,,,,,,,,,,,,,,,,,,,,,,
Antithrombotic Therapy Pharmacist,,,,,,,,,,,,,,,,,,,,,,,,,,,,
Bleeding Risk Assessment Pharmacist,,,,,,,,,,,,,,,,,,,,,,,,,,,,
INR Monitoring Pharmacist,,,,,,,,,,,,,,,,,,,,,,,,,,,,
Anticoagulation Dosing and Adjustment Pharmacist,,,,,,,,,,,,,,,,,,,,,,,,,,,,
Bridging Therapy Pharmacist,,,,,,,,,,,,,,,,,,,,,,,,,,,,
VTE Prevention Pharmacist,,,,,,,,,,,,,,,,,,,,,,,,,,,,
Atrial Fibrillation Management Pharmacist,,,,,,,,,,,,,,,,,,,,,,,,,,,,
Anticoagulation Reversal Pharmacist,,,,,,,,,,,,,,,,,,,,,,,,,,,,
Anticoagulation Education and Counseling Pharmacist,,,,,,,,,,,,,,,,,,,,,,,,,,,,