Physiotherapist,Orthopedic Physiotherapist,Pediatric Physiotherapist,Neurological Physiotherapist,Cardiopulmonary Physiotherapist,Geriatric Physiotherapist,Womenâ€™s Health Physiotherapist,Sports Physiotherapist,Vestibular Physiotherapist,Hand Therapist,Oncology Physiotherapist,Pain Management Physiotherapist,Pediatric Neurology Physiotherapist,Integumentary Physiotherapist
Physical Therapist,Musculoskeletal Physiotherapist,Children Physiotherapist,Neuro Physiotherapist,Cardiorespiratory Physiotherapist,Elderly Care Physiotherapist,Pelvic Floor Physiotherapist,Athletic Therapist,Balance Rehabilitation Specialist,Hand Rehabilitation Specialist,Cancer Rehabilitation Specialist,Chronic Pain Specialist,Pediatric Neuro Rehab Specialist,Wound Care Specialist
PT,Sports Physiotherapist,Pediatric Physical Therapist,Neuro Rehab Specialist,Cardiac Rehab Physiotherapist,Senior Physical Therapist,Obstetric Physiotherapist,Sports Injury Specialist,Dizziness Specialist,Upper Extremity Specialist,Oncologic Physical Therapist,Pain Relief Therapist,Children Neuro Physiotherapist,Skin and Soft Tissue Specialist
Physio,,,,,,,,,,,,,
Rehabilitation Therapist,,,,,,,,,,,,,
Movement Specialist,,,,,,,,,,,,,
Physical Rehabilitation Specialist,,,,,,,,,,,,,
Specialists in Physiotherapy Subspecialties,,,,,,,,,,,,,
Manual Therapist,,,,,,,,,,,,,
Rehabilitation Specialist,,,,,,,,,,,,,
Physical Rehabilitation Specialist,,,,,,,,,,,,,
Functional Movement Specialist,,,,,,,,,,,,,
Exercise Physiologist,,,,,,,,,,,,,
Physical Therapy Assistant,,,,,,,,,,,,,
Kinesiologist,,,,,,,,,,,,,
Orthotist,,,,,,,,,,,,,
Prosthetist,,,,,,,,,,,,,
Clinical Physiotherapist,,,,,,,,,,,,,
Occupational Therapist,,,,,,,,,,,,,
Aquatic Therapist,,,,,,,,,,,,,
Ergonomic Specialist,,,,,,,,,,,,,
Rehabilitation Counselor,,,,,,,,,,,,,
Functional Movement Specialist,,,,,,,,,,,,,
Physical Rehabilitation Technician,,,,,,,,,,,,,
Musculoskeletal Physiotherapist,,,,,,,,,,,,,
Sports Physiotherapist,,,,,,,,,,,,,
Children Physiotherapist,,,,,,,,,,,,,
Pediatric Physical Therapist,,,,,,,,,,,,,
Neuro Physiotherapist,,,,,,,,,,,,,
Neuro Rehab Specialist,,,,,,,,,,,,,
Cardiorespiratory Physiotherapist,,,,,,,,,,,,,
Cardiac Rehab Physiotherapist,,,,,,,,,,,,,
Elderly Care Physiotherapist,,,,,,,,,,,,,
Senior Physical Therapist,,,,,,,,,,,,,
Pelvic Floor Physiotherapist,,,,,,,,,,,,,
Obstetric Physiotherapist,,,,,,,,,,,,,
Athletic Therapist,,,,,,,,,,,,,
Sports Injury Specialist,,,,,,,,,,,,,
Balance Rehabilitation Specialist,,,,,,,,,,,,,
Dizziness Specialist,,,,,,,,,,,,,
Hand Rehabilitation Specialist,,,,,,,,,,,,,
Upper Extremity Specialist,,,,,,,,,,,,,
Cancer Rehabilitation Specialist,,,,,,,,,,,,,
Oncologic Physical Therapist,,,,,,,,,,,,,
Chronic Pain Specialist,,,,,,,,,,,,,
Pain Relief Therapist,,,,,,,,,,,,,
Pediatric Neuro Rehab Specialist,,,,,,,,,,,,,
Children Neuro Physiotherapist,,,,,,,,,,,,,
Wound Care Specialist,,,,,,,,,,,,,
Skin and Soft Tissue Specialist,,,,,,,,,,,,,