Dietitian,Clinical Dietitian,Pediatric Dietitian,Sports Dietitian,Renal Dietitian,Oncology Dietitian,Geriatric Dietitian,Diabetes Educator,Eating Disorders Dietitian,Public Health Dietitian,Gastroenterology Dietitian,Maternal Dietitian,Weight Management Dietitian,Critical Care Dietitian
Registered Dietitian,Hospital Dietitian,Children Nutrition Specialist,Sports Nutritionist,Kidney Dietitian,Cancer Nutrition Specialist,Senior Nutrition Specialist,Diabetes Dietitian,Eating Disorders Specialist,Community Nutrition Specialist,GI Nutrition Specialist,Prenatal Nutrition Specialist,Weight Loss Specialist,ICU Dietitian
Nutritionist,Clinical Nutritionist,Pediatric Nutritionist,Exercise Nutrition Specialist,Nephrology Nutrition Specialist,Oncologic Nutritionist,Elderly Care Dietitian,Diabetes Nutrition Specialist,Disordered Eating Nutritionist,Public Health Nutritionist,Digestive Health Dietitian,Pregnancy Nutritionist,Obesity Nutritionist,Critical Nutrition Specialist
Registered Dietitian Nutritionist,,,,,,,,,,,,,
Clinical Dietitian,,,,,,,,,,,,,
Nutrition Specialist,,,,,,,,,,,,,
Dietician,,,,,,,,,,,,,
Integrative and Functional Nutritionist,,,,,,,,,,,,,
Holistic Nutritionist,,,,,,,,,,,,,
Nutrition Counselor,,,,,,,,,,,,,
Dietary Consultant,,,,,,,,,,,,,
Food Service Dietitian,,,,,,,,,,,,,
Corporate Wellness Dietitian,,,,,,,,,,,,,
Behavioral Nutritionist,,,,,,,,,,,,,
Therapeutic Dietitian,,,,,,,,,,,,,
Health and Wellness Coach,,,,,,,,,,,,,
Nutrition Educator,,,,,,,,,,,,,
Pediatric Weight Management Specialist,,,,,,,,,,,,,
Cardiology Nutrition Specialist,,,,,,,,,,,,,
Metabolic Specialist,,,,,,,,,,,,,
Palliative Care Dietitian,,,,,,,,,,,,,
Transplant Dietitian,,,,,,,,,,,,,
Neonatal Nutrition Specialist,,,,,,,,,,,,,
Adolescent Nutritionist,,,,,,,,,,,,,
Bariatric Dietitian,,,,,,,,,,,,,
Nutrition Researcher,,,,,,,,,,,,,
Food Scientist,,,,,,,,,,,,,
Nutritional Biochemist,,,,,,,,,,,,,
Food and Nutrition Policy Analyst,,,,,,,,,,,,,
Telehealth Dietitian,,,,,,,,,,,,,
Private Practice Dietitian,,,,,,,,,,,,,
Functional Medicine Dietitian,,,,,,,,,,,,,
Hospital Dietitian,,,,,,,,,,,,,
Clinical Nutritionist,,,,,,,,,,,,,
Children Nutrition Specialist,,,,,,,,,,,,,
Pediatric Nutritionist,,,,,,,,,,,,,
Sports Nutritionist,,,,,,,,,,,,,
Exercise Nutrition Specialist,,,,,,,,,,,,,
Kidney Dietitian,,,,,,,,,,,,,
Nephrology Nutrition Specialist,,,,,,,,,,,,,
Cancer Nutrition Specialist,,,,,,,,,,,,,
Oncologic Nutritionist,,,,,,,,,,,,,
Senior Nutrition Specialist,,,,,,,,,,,,,
Elderly Care Dietitian,,,,,,,,,,,,,
Diabetes Dietitian,,,,,,,,,,,,,
Diabetes Nutrition Specialist,,,,,,,,,,,,,
Eating Disorders Specialist,,,,,,,,,,,,,
Disordered Eating Nutritionist,,,,,,,,,,,,,
Community Nutrition Specialist,,,,,,,,,,,,,
Public Health Nutritionist,,,,,,,,,,,,,
GI Nutrition Specialist,,,,,,,,,,,,,
Digestive Health Dietitian,,,,,,,,,,,,,
Prenatal Nutrition Specialist,,,,,,,,,,,,,
Pregnancy Nutritionist,,,,,,,,,,,,,
Weight Loss Specialist,,,,,,,,,,,,,
Obesity Nutritionist,,,,,,,,,,,,,
ICU Dietitian,,,,,,,,,,,,,
Critical Nutrition Specialist,,,,,,,,,,,,,