Dentist,Orthodontist,Endodontist,Periodontist,Prosthodontist,Oral Surgeon,Pediatric Dentist,Cosmetic Dentist,Oral Pathologist,Oral Radiologist,Public Health Dentist,Family Dentist
General Dentist,Braces Specialist,Root Canal Specialist,Gum Specialist,Dental Prosthetics Specialist,Maxillofacial Surgeon,Children Dentist,Aesthetic Dentist,Maxillofacial Pathologist,Dental Radiologist,Community Dental Specialist,Restorative Dentist
Dental Surgeon,Teeth Alignment Specialist,Pulp Therapy Specialist,Periodontal Disease Specialist,Reconstructive Dentist,Facial Surgery Specialist,Pediatric Dental Specialist,Smile Design Specialist,Oral Disease Specialist,Maxillofacial Imaging Specialist,Dental Public Health Specialist,Implantologist
Dental Practitioner,,,,,,,,,,,Dental Hygienist
Braces Specialist,,,,,,,,,,,Dental Therapist
Teeth Alignment Specialist,,,,,,,,,,,Periodontal Therapist
Root Canal Specialist,,,,,,,,,,,Laser Dentist
Pulp Therapy Specialist,,,,,,,,,,,TMJ Specialist
Gum Specialist,,,,,,,,,,,Geriatric Dentist
Periodontal Disease Specialist,,,,,,,,,,,Forensic Dentist
Dental Prosthetics Specialist,,,,,,,,,,,Holistic Dentist
Reconstructive Dentist,,,,,,,,,,,Sedation Dentist
Maxillofacial Surgeon,,,,,,,,,,,Hospital Dentist
Facial Surgery Specialist,,,,,,,,,,,Special Needs Dentist
Children Dentist,,,,,,,,,,,Sports Dentist
Pediatric Dental Specialist,,,,,,,,,,,Orthodontic Assistant
Aesthetic Dentist,,,,,,,,,,,Dental Anesthesiologist
Smile Design Specialist,,,,,,,,,,,General Dental Practitioner
Maxillofacial Pathologist,,,,,,,,,,,Oral Health Specialist
Oral Disease Specialist,,,,,,,,,,,Dental Care Provider
Dental Radiologist,,,,,,,,,,,
Maxillofacial Imaging Specialist,,,,,,,,,,,
Community Dental Specialist,,,,,,,,,,,
Dental Public Health Specialist,,,,,,,,,,,
Restorative Dentist,,,,,,,,,,,
Implantologist,,,,,,,,,,,
Dental Hygienist,,,,,,,,,,,
Dental Therapist,,,,,,,,,,,
Periodontal Therapist,,,,,,,,,,,
Laser Dentist,,,,,,,,,,,
TMJ Specialist,,,,,,,,,,,
Geriatric Dentist,,,,,,,,,,,
Forensic Dentist,,,,,,,,,,,
Holistic Dentist,,,,,,,,,,,
Sedation Dentist,,,,,,,,,,,
Hospital Dentist,,,,,,,,,,,
Special Needs Dentist,,,,,,,,,,,
Sports Dentist,,,,,,,,,,,
Orthodontic Assistant,,,,,,,,,,,
Dental Anesthesiologist,,,,,,,,,,,
General Dental Practitioner,,,,,,,,,,,
Oral Health Specialist,,,,,,,,,,,
Dental Care Provider,,,,,,,,,,,