Director of Human Resources,Assistant Manager
Chief Human Resources Officer,Compensation and Benefits Manager
HR,HR Assistant
Employee Relations Manager,Human Resource Recruiter
Employee Relations Specialist,Payroll Manager
HR Business Partner,Training and Development Manager
HR Coordinator,Recruitment Manager
HR Generalist,Manager
HR Manager,Occupational Health and Safety Manager
HR Specialist,
Human Resource Recruiter,
Human Resources Director,
Human Resources Manager,
Manager,
Occupational Health and Safety Manager,
Payroll Manager,
Recruitment Manager,
Talent Acquisition Specialist,
Training and Development Manager,